CityID,City,Population,Region,AverageIncome
1,Mumbai,20398296.0,West,1435819.0
2,Delhi,32939024.0,North,1373024.0
3,Bengaluru,13187628.0,South,1609572.0
4,Hyderabad,10255717.0,South,1297174.0
5,Chennai,11339741.0,South,1167848.0
6,Kolkata,15152698.0,East,978825.0
7,Pune,7598082.0,West,1335976.0
8,Ahmedabad,8636140.0,West,1102164.0
9,Jaipur,4322247.0,North,891559.0
10,Lucknow,3736453.0,North,745869.0
11,Chandigarh,1195781.0,North,1471515.0
12,Surat,7799713.0,West,988746.0
13,Nagpur,3043446.0,West,779719.0
14,Indore,3294618.0,West,814115.0
15,Bhopal,2412425.0,West,
16,Coimbatore,2642463.0,South,957876.0
17,Kochi,2192696.0,South,1016149.0
18,Visakhapatnam,2348210.0,South,
19,Patna,2494110.0,East,650018.0
20,Bhubaneswar,1165059.0,East,798349.0
21,Guwahati,1059078.0,East,717449.0
22,Nashik,2062338.0,West,896763.0
23,Ludhiana,1741541.0,North,864782.0
24,Vadodara,2177335.0,West,961447.0
25,Raipur,1679847.0,East,738911.0
