PromotionID,CouponCode,DiscountPercentage,CampaignName,StartDate,EndDate,StartDateCleanAmbiguousFlag,StartDateCleanParseFailedFlag,StartDateCleanParseFormat,EndDateCleanAmbiguousFlag,EndDateCleanParseFailedFlag,EndDateCleanParseFormat,PromoDateSwappedFlag
1,ZOMBCPD6,10.0,Late Night Cravings,2023-11-12,2023-12-06,True,False,ambiguous_dmy_assumed,True,False,ambiguous_dmy_assumed,0
2,ZOMMMJAQ,10.0,App Exclusive Deal,2024-02-09,2024-02-13,False,False,ymd,False,False,ymd,1
3,ZOMDE2A6,30.0,Summer Splash,2023-06-28,2023-07-31,False,False,mdy,False,False,mdy,0
4,ZOMTS3XV,20.0,Great Indian Food Fest,2024-03-26,2024-05-09,False,False,ymd,False,False,ymd,0
5,ZOM6SYNB,50.0,First Order Free Delivery,2023-01-15,2023-07-01,True,False,ambiguous_dmy_assumed,False,False,dmy,1
6,ZOMMU60P,50.0,Payday Delight,2022-02-18,2022-03-02,True,False,ambiguous_dmy_assumed,False,False,ymd,1
7,ZOM69PT4,10.0,First Order Free Delivery,2023-08-13,2023-09-16,False,False,dmy,False,False,ymd,0
8,ZOMSG9R1,10.0,Great Indian Food Fest,2022-03-10,2022-04-11,True,False,ambiguous_dmy_assumed,True,False,ambiguous_dmy_assumed,0
9,ZOMZ8XAW,30.0,Payday Delight,2022-07-01,2022-07-09,False,False,ymd,False,False,ymd,0
10,ZOMNUXAL,25.0,Great Indian Food Fest,2023-11-17,2023-12-16,False,False,dmy,False,False,dmy,0
11,ZOMC5EY1,50.0,First Order Free Delivery,2022-04-28,2022-06-03,False,False,mdy,True,False,ambiguous_dmy_assumed,0
12,ZOM72K4N,30.0,Payday Delight,2024-11-25,2024-12-05,False,False,ymd,True,False,ambiguous_dmy_assumed,0
13,ZOMQ1RAR,40.0,Mega Cashback Week,2024-07-12,2024-08-03,False,False,ymd,True,False,ambiguous_dmy_assumed,0
14,ZOMT5TET,30.0,Mega Cashback Week,2024-01-26,2024-02-12,False,False,mdy,False,False,ymd,0
15,ZOMKTGLP,30.0,Weekend Bonanza,2023-02-08,2023-03-15,False,False,ymd,False,False,dmy,0
16,ZOMKHWCU,15.0,Republic Day Offer,2022-10-05,2022-11-07,True,False,ambiguous_dmy_assumed,False,False,ymd,0
17,ZOMJ4VSP,15.0,Republic Day Offer,2022-09-16,2022-10-28,False,False,ymd,False,False,ymd,0
18,ZOM8MVZN,25.0,Payday Delight,2024-03-06,2024-05-11,True,False,ambiguous_dmy_assumed,True,False,ambiguous_dmy_assumed,1
19,ZOM3G9P3,50.0,Late Night Cravings,2024-02-08,2024-03-14,True,False,ambiguous_dmy_assumed,False,False,ymd,0
20,ZOMNCL6T,30.0,Payday Delight,2022-04-23,2022-05-20,False,False,dmy,False,False,mdy,0
21,ZOMDV8MX,20.0,Summer Splash,2023-12-06,2023-12-24,True,False,ambiguous_dmy_assumed,False,False,ymd,0
22,ZOMV7MBE,25.0,First Order Free Delivery,2024-10-13,2024-10-24,False,False,ymd,False,False,dmy,0
23,ZOM9E56H,50.0,Great Indian Food Fest,2024-08-07,2024-11-09,False,False,ymd,True,False,ambiguous_dmy_assumed,0
24,ZOMZ6A0H,10.0,Festive Feast,2023-07-08,2023-08-20,True,False,ambiguous_dmy_assumed,False,False,dmy,0
25,ZOMBAYGK,15.0,Mega Cashback Week,2023-02-02,2023-02-24,True,False,ambiguous_dmy_assumed,False,False,dmy,0
26,ZOMKDRUK,15.0,Republic Day Offer,2022-05-19,2022-07-01,False,False,dmy,True,False,ambiguous_dmy_assumed,0
27,ZOMDV1QN,25.0,New User Special,2023-02-03,2023-02-19,False,False,ymd,False,False,dmy,0
28,ZOM6C7AY,30.0,Great Indian Food Fest,2022-03-27,2022-04-14,False,False,dmy,False,False,mdy,0
29,ZOM7LKXM,30.0,Great Indian Food Fest,2024-01-11,2024-01-23,True,False,ambiguous_dmy_assumed,False,False,dmy,0
30,ZOMT7PGC,25.0,Great Indian Food Fest,2023-08-11,2023-08-22,False,False,ymd,False,False,dmy,0
31,ZOME7MWR,20.0,Festive Feast,2024-01-13,2024-01-29,False,False,ymd,False,False,ymd,0
32,ZOMT6DY1,50.0,First Order Free Delivery,2023-02-26,2023-03-25,False,False,dmy,False,False,dmy,0
33,ZOME5F2M,10.0,New User Special,2023-03-25,2023-04-26,False,False,dmy,False,False,dmy,0
34,ZOMCFRDY,20.0,Summer Splash,2023-02-27,2023-03-17,False,False,dmy,False,False,mdy,0
35,ZOMYDAMP,50.0,Monsoon Munchies,2022-05-05,2022-05-11,False,False,ymd,True,False,ambiguous_dmy_assumed,0
36,ZOMKE22W,50.0,First Order Free Delivery,2023-06-24,2023-07-23,False,False,ymd,False,False,mdy,0
37,ZOMNEQBK,20.0,Mega Cashback Week,2022-01-02,2022-01-07,False,False,ymd,True,False,ambiguous_dmy_assumed,1
38,ZOMC0WRD,30.0,Mega Cashback Week,2023-02-11,2023-03-11,False,False,ymd,True,False,ambiguous_dmy_assumed,0
39,ZOMGN2K6,30.0,New User Special,2024-03-04,2024-03-08,False,False,ymd,True,False,ambiguous_dmy_assumed,0
40,ZOM2ND9W,20.0,Weekend Bonanza,2022-05-31,2022-06-26,False,False,mdy,False,False,mdy,0
41,ZOMEPXTU,10.0,First Order Free Delivery,2022-05-09,2022-09-29,True,False,ambiguous_dmy_assumed,False,False,dmy,0
42,ZOM8A4X7,25.0,Late Night Cravings,2024-01-05,2024-01-19,True,False,ambiguous_dmy_assumed,False,False,dmy,0
43,ZOMAH73E,50.0,Weekend Bonanza,2022-12-24,2023-01-30,False,False,dmy,False,False,dmy,0
44,ZOM4CA2P,30.0,Great Indian Food Fest,2023-01-21,2023-12-02,False,False,ymd,True,False,ambiguous_dmy_assumed,0
45,ZOM9YL5G,15.0,Summer Splash,2022-04-03,2022-05-03,True,False,ambiguous_dmy_assumed,True,False,ambiguous_dmy_assumed,0
46,ZOMYU6CV,15.0,Late Night Cravings,2024-06-07,2024-07-14,False,False,ymd,False,False,dmy,0
47,ZOMDBULB,40.0,Great Indian Food Fest,2022-11-16,2022-12-30,False,False,ymd,False,False,dmy,0
48,ZOM36WMG,40.0,Late Night Cravings,2024-05-27,2024-07-11,False,False,ymd,False,False,ymd,0
49,ZOMHYX2Y,20.0,Payday Delight,2024-10-11,2024-12-09,True,False,ambiguous_dmy_assumed,True,False,ambiguous_dmy_assumed,0
50,ZOM4U47D,50.0,Great Indian Food Fest,2022-10-22,2022-11-27,False,False,ymd,False,False,ymd,0
51,ZOMRYX4S,20.0,Festive Feast,2024-09-06,2024-11-08,True,False,ambiguous_dmy_assumed,False,False,ymd,1
52,ZOM19Y9G,10.0,Payday Delight,2022-04-18,2022-05-28,False,False,mdy,False,False,dmy,0
53,ZOMY69XH,25.0,New User Special,2024-11-03,2024-11-12,True,False,ambiguous_dmy_assumed,False,False,ymd,0
54,ZOM153SL,30.0,First Order Free Delivery,2024-02-05,2024-06-15,True,False,ambiguous_dmy_assumed,False,False,dmy,0
55,ZOMFD0BT,50.0,New User Special,2024-01-26,2024-01-31,False,False,dmy,False,False,dmy,0
56,ZOM1GUJ8,15.0,Summer Splash,2024-10-19,2024-10-21,False,False,mdy,False,False,mdy,1
57,ZOM9TQC1,25.0,Late Night Cravings,2023-10-15,2023-10-21,False,False,dmy,False,False,ymd,0
58,ZOM9RAB9,20.0,Payday Delight,2023-05-04,2023-06-11,False,False,ymd,True,False,ambiguous_dmy_assumed,0
59,ZOM03ZYB,15.0,First Order Free Delivery,2024-07-08,2024-07-23,True,False,ambiguous_dmy_assumed,False,False,dmy,0
60,ZOMXA87K,20.0,Republic Day Offer,2023-09-29,2023-10-06,False,False,ymd,False,False,ymd,0
61,ZOMU9ASQ,40.0,Summer Splash,2022-05-12,2022-05-27,True,False,ambiguous_dmy_assumed,False,False,mdy,0
62,ZOMZ1DCT,25.0,Weekend Bonanza,2023-02-06,2023-02-25,False,False,ymd,False,False,mdy,0
63,ZOMFCC3Y,25.0,Mega Cashback Week,2024-06-13,2024-07-14,False,False,dmy,False,False,ymd,0
64,ZOMDLTN4,20.0,Payday Delight,2023-12-17,2023-12-24,False,False,dmy,False,False,ymd,0
65,ZOMAPL43,20.0,Mega Cashback Week,2023-08-11,2023-08-23,True,False,ambiguous_dmy_assumed,False,False,mdy,0
66,ZOMH1BSF,20.0,Monsoon Munchies,2024-01-09,2024-10-09,True,False,ambiguous_dmy_assumed,True,False,ambiguous_dmy_assumed,0
67,ZOMGSMXR,20.0,Late Night Cravings,2023-08-24,2023-09-01,False,False,dmy,False,False,ymd,0
68,ZOM6WLVW,15.0,Monsoon Munchies,2022-04-28,2022-05-11,False,False,ymd,True,False,ambiguous_dmy_assumed,0
69,ZOMZKHK6,15.0,Mega Cashback Week,2024-05-04,2024-05-12,False,False,ymd,False,False,ymd,0
70,ZOMNZ79M,30.0,New User Special,2022-10-14,2022-11-05,False,False,dmy,True,False,ambiguous_dmy_assumed,0
71,ZOMKH3LV,10.0,Festive Feast,2023-01-28,2023-03-11,False,False,dmy,True,False,ambiguous_dmy_assumed,0
72,ZOM2X3MD,10.0,Payday Delight,2023-03-18,2023-03-26,False,False,dmy,False,False,dmy,0
73,ZOMF9TWJ,10.0,Late Night Cravings,2022-11-16,2022-12-04,False,False,dmy,True,False,ambiguous_dmy_assumed,0
74,ZOM2V18W,20.0,Late Night Cravings,2024-06-03,2024-07-14,False,False,ymd,False,False,dmy,0
75,ZOMGLYQE,40.0,App Exclusive Deal,2023-02-09,2023-02-22,True,False,ambiguous_dmy_assumed,False,False,dmy,0
76,ZOM6ELGA,40.0,First Order Free Delivery,2024-04-09,2024-04-26,True,False,ambiguous_dmy_assumed,False,False,ymd,0
77,ZOMQ052J,20.0,Festive Feast,2023-04-29,2023-05-11,False,False,dmy,False,False,ymd,0
78,ZOMY6PLS,15.0,Summer Splash,2023-10-24,2023-11-28,False,False,ymd,False,False,mdy,0
79,ZOMDRAKE,50.0,Mega Cashback Week,2024-08-15,2024-09-06,False,False,dmy,True,False,ambiguous_dmy_assumed,0
80,ZOM9NE98,40.0,Festive Feast,2023-07-02,2023-08-10,False,False,ymd,False,False,ymd,0
81,ZOMXM4RF,15.0,New User Special,2023-11-12,2023-11-28,True,False,ambiguous_dmy_assumed,False,False,ymd,0
82,ZOMJ3NF9,20.0,Late Night Cravings,2024-06-03,2024-06-05,True,False,ambiguous_dmy_assumed,True,False,ambiguous_dmy_assumed,1
83,ZOMYH8M3,30.0,Payday Delight,2022-01-08,2022-02-21,True,False,ambiguous_dmy_assumed,False,False,ymd,0
84,ZOMJJ3GG,50.0,First Order Free Delivery,2022-11-12,2022-11-23,False,False,dmy,True,False,ambiguous_dmy_assumed,1
85,ZOM2UBVJ,50.0,Mega Cashback Week,2023-08-11,2023-10-28,False,False,dmy,True,False,ambiguous_dmy_assumed,1
86,ZOM66FQ7,25.0,Republic Day Offer,2024-09-12,2024-10-24,True,False,ambiguous_dmy_assumed,False,False,dmy,0
87,ZOMRQDS6,30.0,App Exclusive Deal,2024-02-04,2024-02-15,True,False,ambiguous_dmy_assumed,False,False,ymd,0
88,ZOMZCTTU,25.0,Festive Feast,2023-01-28,2023-02-20,False,False,dmy,False,False,ymd,0
89,ZOMX4BZ5,40.0,Festive Feast,2023-07-27,2023-08-29,False,False,ymd,False,False,dmy,0
90,ZOMLJCNH,20.0,Weekend Bonanza,2024-06-16,2024-06-22,False,False,ymd,False,False,mdy,0
91,ZOMW4BX8,50.0,Mega Cashback Week,2023-11-26,2024-09-01,False,False,dmy,True,False,ambiguous_dmy_assumed,0
92,ZOMXJWLW,20.0,Summer Splash,2023-06-06,2023-07-19,False,False,ymd,False,False,ymd,0
93,ZOMNRTXE,25.0,Mega Cashback Week,2022-04-12,2022-05-27,True,False,ambiguous_dmy_assumed,False,False,dmy,0
94,ZOMHAYFW,20.0,Monsoon Munchies,2024-06-10,2024-06-21,False,False,ymd,False,False,dmy,0
95,ZOMNGA1X,40.0,App Exclusive Deal,2023-04-10,2023-05-25,False,False,ymd,False,False,dmy,0
96,ZOMMGPV6,30.0,Festive Feast,2024-02-18,2024-03-03,False,False,dmy,True,False,ambiguous_dmy_assumed,0
97,ZOMMN0VB,50.0,Late Night Cravings,2023-12-01,2024-01-02,False,False,ymd,False,False,ymd,0
98,ZOMSXZPF,10.0,New User Special,2023-11-19,2024-01-02,False,False,mdy,True,False,ambiguous_dmy_assumed,0
99,ZOMGJACH,20.0,Republic Day Offer,2022-10-10,2022-10-23,True,False,ambiguous_dmy_assumed,False,False,dmy,0
100,ZOMVYJQR,40.0,Mega Cashback Week,2023-12-20,2024-02-03,False,False,dmy,True,False,ambiguous_dmy_assumed,0
101,ZOMVHUJJ,10.0,Festive Feast,2023-09-20,2023-09-29,False,False,ymd,False,False,mdy,0
102,ZOMNN5J7,10.0,Weekend Bonanza,2023-07-27,2023-08-04,False,False,ymd,False,False,ymd,0
103,ZOMPNMRX,30.0,Late Night Cravings,2024-09-21,2024-09-26,False,False,ymd,False,False,ymd,0
104,ZOMDSG4T,40.0,Great Indian Food Fest,2023-02-22,2023-03-19,False,False,dmy,False,False,dmy,0
105,ZOM85VXV,40.0,Festive Feast,2023-06-16,2023-06-23,False,False,dmy,False,False,ymd,0
106,ZOM5KTJY,50.0,First Order Free Delivery,2024-08-06,2024-08-30,True,False,ambiguous_dmy_assumed,False,False,dmy,0
107,ZOM2977W,30.0,Mega Cashback Week,2023-02-12,2023-10-29,False,False,ymd,True,False,ambiguous_dmy_assumed,1
108,ZOMF22RC,25.0,Monsoon Munchies,2024-07-01,2024-07-29,True,False,ambiguous_dmy_assumed,False,False,mdy,0
109,ZOML1U8Y,30.0,App Exclusive Deal,2022-02-09,2022-03-17,True,False,ambiguous_dmy_assumed,False,False,dmy,0
110,ZOMSQ890,10.0,Festive Feast,2022-10-14,2022-11-01,False,False,ymd,False,False,ymd,0
111,ZOM7MLZL,15.0,App Exclusive Deal,2022-04-21,2022-05-27,False,False,dmy,False,False,ymd,0
112,ZOMJ4KYH,10.0,Monsoon Munchies,2023-03-23,2023-04-05,False,False,mdy,True,False,ambiguous_dmy_assumed,0
113,ZOMLKP3Q,40.0,Summer Splash,2022-11-22,2022-11-25,False,False,ymd,False,False,ymd,0
114,ZOM5HQ3L,50.0,Great Indian Food Fest,2023-04-29,2023-05-30,False,False,ymd,False,False,mdy,0
115,ZOMK85Q4,40.0,App Exclusive Deal,2022-05-12,2022-05-27,True,False,ambiguous_dmy_assumed,False,False,ymd,0
116,ZOM3FE8U,30.0,Republic Day Offer,2024-11-27,2024-11-30,False,False,ymd,False,False,dmy,0
117,ZOMRS384,30.0,Payday Delight,2023-01-08,2023-02-06,False,False,ymd,False,False,ymd,0
118,ZOM49WHX,30.0,First Order Free Delivery,2023-12-04,2024-01-08,False,False,ymd,True,False,ambiguous_dmy_assumed,0
119,ZOMF62SP,15.0,Payday Delight,2024-10-14,2024-11-20,False,False,mdy,False,False,dmy,0
120,ZOM323SM,10.0,Monsoon Munchies,2024-01-31,2024-03-16,False,False,dmy,False,False,mdy,0
121,ZOMS8P21,50.0,App Exclusive Deal,2024-09-05,2024-10-07,True,False,ambiguous_dmy_assumed,False,False,ymd,0
122,ZOMVWMYG,15.0,Republic Day Offer,2023-02-17,2023-03-03,False,False,mdy,True,False,ambiguous_dmy_assumed,0
123,ZOMVAVQC,20.0,First Order Free Delivery,2024-03-13,2024-11-04,False,False,ymd,True,False,ambiguous_dmy_assumed,0
124,ZOMV898P,40.0,New User Special,2022-08-08,2022-09-07,True,False,ambiguous_dmy_assumed,True,False,ambiguous_dmy_assumed,1
125,ZOM6B4AP,15.0,App Exclusive Deal,2022-07-26,2022-08-12,False,False,mdy,False,False,ymd,0
126,ZOM1VLFS,50.0,Republic Day Offer,2022-03-22,2022-04-13,False,False,dmy,False,False,ymd,0
127,ZOMYUNCJ,10.0,Republic Day Offer,2023-03-22,2023-03-27,False,False,ymd,False,False,ymd,0
128,ZOMRBK6U,20.0,App Exclusive Deal,2023-01-05,2023-02-12,True,False,ambiguous_dmy_assumed,False,False,ymd,0
129,ZOMRPA7Q,25.0,Great Indian Food Fest,2023-11-24,2023-12-15,False,False,ymd,False,False,dmy,0
130,ZOMS6NNL,30.0,Payday Delight,2022-04-06,2022-04-16,False,False,ymd,False,False,dmy,0
131,ZOM6MGZ7,40.0,First Order Free Delivery,2023-05-27,2023-06-29,False,False,ymd,False,False,ymd,0
132,ZOM5H7Z1,20.0,Mega Cashback Week,2024-05-19,2024-06-13,False,False,dmy,False,False,ymd,0
133,ZOMVX6UU,20.0,Summer Splash,2022-05-21,2022-06-10,False,False,ymd,True,False,ambiguous_dmy_assumed,0
134,ZOM8N8XZ,40.0,First Order Free Delivery,2023-03-16,2023-04-10,False,False,ymd,True,False,ambiguous_dmy_assumed,0
135,ZOMBQZT6,10.0,Monsoon Munchies,2022-11-24,2022-12-08,False,False,ymd,False,False,ymd,0
136,ZOM92JB0,15.0,Summer Splash,2024-02-20,2024-03-16,False,False,ymd,False,False,dmy,0
137,ZOMQJT3W,10.0,First Order Free Delivery,2022-05-18,2022-05-22,False,False,ymd,False,False,ymd,0
138,ZOMMZ1QT,25.0,Great Indian Food Fest,2022-04-18,2022-05-05,False,False,dmy,False,False,ymd,0
139,ZOM526H1,50.0,Weekend Bonanza,2023-08-30,2023-10-10,False,False,dmy,False,False,ymd,0
140,ZOM6S9ES,15.0,Weekend Bonanza,2024-05-18,2024-12-06,False,False,dmy,True,False,ambiguous_dmy_assumed,0
141,ZOMMNX14,25.0,Mega Cashback Week,2022-06-19,2022-07-21,False,False,ymd,False,False,mdy,0
142,ZOMLSVCM,10.0,New User Special,2024-04-30,2024-05-29,False,False,dmy,False,False,dmy,0
143,ZOMTL27T,15.0,App Exclusive Deal,2024-08-19,2024-12-09,False,False,ymd,True,False,ambiguous_dmy_assumed,0
144,ZOMLGCHU,30.0,Mega Cashback Week,2024-05-24,2024-05-29,False,False,dmy,False,False,dmy,0
145,ZOM7CRLP,15.0,Payday Delight,2023-01-13,2023-02-02,False,False,dmy,False,False,ymd,0
146,ZOM1FVN6,30.0,Monsoon Munchies,2024-02-16,2024-03-21,False,False,dmy,False,False,ymd,0
147,ZOMC4E2K,50.0,First Order Free Delivery,2022-04-10,2022-04-19,False,False,ymd,False,False,dmy,0
148,ZOM3B2EY,40.0,App Exclusive Deal,2022-05-13,2022-06-05,False,False,mdy,False,False,ymd,0
149,ZOMAZGM7,20.0,Mega Cashback Week,2024-02-04,2024-02-29,True,False,ambiguous_dmy_assumed,False,False,ymd,0
150,ZOMRTAQB,40.0,Festive Feast,2024-05-12,2024-05-25,True,False,ambiguous_dmy_assumed,False,False,dmy,0
151,ZOM2FMG4,25.0,Republic Day Offer,2023-06-06,2023-07-14,False,False,ymd,False,False,mdy,0
152,ZOMJN6UB,50.0,Payday Delight,2022-02-06,2022-02-20,True,False,ambiguous_dmy_assumed,False,False,ymd,0
153,ZOMFB4G0,15.0,Weekend Bonanza,2023-04-21,2023-05-28,False,False,ymd,False,False,ymd,0
154,ZOMWTEYP,30.0,Monsoon Munchies,2023-02-09,2023-03-15,False,False,ymd,False,False,ymd,0
155,ZOMSN3JZ,40.0,App Exclusive Deal,2024-02-21,2024-03-21,False,False,ymd,False,False,ymd,0
156,ZOMCA56V,40.0,Summer Splash,2023-07-01,2023-07-06,False,False,ymd,False,False,ymd,0
157,ZOMMNANR,30.0,Payday Delight,2022-09-16,2022-09-20,False,False,ymd,False,False,dmy,0
158,ZOM9RSYX,15.0,Late Night Cravings,2024-03-16,2024-04-25,False,False,mdy,False,False,ymd,0
159,ZOM3S82N,30.0,Festive Feast,2023-10-26,2023-12-02,False,False,mdy,True,False,ambiguous_dmy_assumed,0
160,ZOM11FX1,15.0,First Order Free Delivery,2023-10-15,2023-10-24,False,False,dmy,False,False,mdy,0
161,ZOM99L2D,30.0,New User Special,2023-07-24,2023-07-27,False,False,ymd,False,False,ymd,1
162,ZOM1N515,40.0,App Exclusive Deal,2024-05-02,2024-06-16,False,False,ymd,False,False,mdy,0
163,ZOMFEGJC,20.0,Great Indian Food Fest,2022-01-06,2022-02-08,True,False,ambiguous_dmy_assumed,False,False,ymd,0
164,ZOMVWX7M,40.0,Festive Feast,2024-06-08,2024-07-07,True,False,ambiguous_dmy_assumed,True,False,ambiguous_dmy_assumed,0
165,ZOMYDTKW,20.0,Monsoon Munchies,2023-10-14,2023-10-22,False,False,ymd,False,False,mdy,0
166,ZOMEBPSX,40.0,Monsoon Munchies,2024-08-22,2024-09-18,False,False,dmy,False,False,ymd,0
167,ZOMKPUNR,30.0,Mega Cashback Week,2024-08-10,2024-10-25,True,False,ambiguous_dmy_assumed,False,False,dmy,0
168,ZOMS1SH0,40.0,Republic Day Offer,2024-08-17,2024-09-22,False,False,ymd,False,False,dmy,0
169,ZOMUTS9D,25.0,Weekend Bonanza,2023-06-19,2023-06-24,False,False,ymd,False,False,mdy,0
170,ZOMJUDWT,40.0,Monsoon Munchies,2024-06-08,2024-09-18,True,False,ambiguous_dmy_assumed,False,False,ymd,0
171,ZOM37QFC,40.0,Great Indian Food Fest,2023-11-24,2023-12-07,False,False,mdy,False,False,ymd,0
172,ZOMGCS4D,40.0,App Exclusive Deal,2023-11-17,2023-12-15,False,False,dmy,False,False,dmy,0
173,ZOM2L4WK,15.0,First Order Free Delivery,2022-03-27,2022-04-26,False,False,dmy,False,False,dmy,0
174,ZOMQNWV2,15.0,Summer Splash,2023-06-15,2023-07-12,False,False,mdy,False,False,ymd,0
175,ZOMPN5KJ,50.0,Republic Day Offer,2022-11-28,2022-12-16,False,False,dmy,False,False,ymd,0
176,ZOMEJSWS,20.0,Summer Splash,2023-07-25,2023-11-08,False,False,dmy,True,False,ambiguous_dmy_assumed,0
177,ZOMSVXDW,50.0,Weekend Bonanza,2023-04-09,2023-05-15,False,False,ymd,False,False,ymd,0
178,ZOM17HQ0,40.0,Summer Splash,2022-01-26,2022-03-06,False,False,ymd,True,False,ambiguous_dmy_assumed,0
179,ZOM0ME0U,10.0,Mega Cashback Week,2023-11-04,2023-11-29,False,False,ymd,False,False,dmy,0
180,ZOMJKHB4,50.0,App Exclusive Deal,2022-10-22,2022-11-03,False,False,ymd,True,False,ambiguous_dmy_assumed,0
181,ZOMS9U0L,40.0,Monsoon Munchies,2023-04-12,2023-05-25,True,False,ambiguous_dmy_assumed,False,False,ymd,0
182,ZOM1AX89,40.0,First Order Free Delivery,2023-03-22,2023-05-01,False,False,mdy,False,False,ymd,0
183,ZOMFCLVY,30.0,Payday Delight,2024-04-22,2024-05-10,False,False,dmy,True,False,ambiguous_dmy_assumed,0
184,ZOMK774L,10.0,Great Indian Food Fest,2024-08-26,2024-09-14,False,False,ymd,False,False,ymd,0
185,ZOMCFY14,25.0,Festive Feast,2023-01-16,2023-02-22,False,False,mdy,False,False,ymd,0
186,ZOMKA42N,10.0,Late Night Cravings,2023-03-26,2023-04-16,False,False,dmy,False,False,mdy,0
187,ZOMHEH0W,30.0,Late Night Cravings,2022-03-10,2022-04-18,False,False,ymd,False,False,dmy,0
188,ZOMDY1H6,40.0,First Order Free Delivery,2023-04-07,2023-04-16,True,False,ambiguous_dmy_assumed,False,False,mdy,0
189,ZOM2GW3X,40.0,New User Special,2023-06-16,2023-07-03,False,False,ymd,True,False,ambiguous_dmy_assumed,0
190,ZOMD0G6A,40.0,Festive Feast,2023-11-14,2023-12-14,False,False,ymd,False,False,ymd,0
191,ZOMX3S3A,40.0,Mega Cashback Week,2022-09-24,2022-10-10,False,False,ymd,True,False,ambiguous_dmy_assumed,0
192,ZOMHX357,40.0,Festive Feast,2022-04-14,2022-04-19,False,False,dmy,False,False,ymd,0
193,ZOMW91KF,15.0,Summer Splash,2024-05-12,2024-06-14,False,False,ymd,False,False,ymd,0
194,ZOMSNVD3,20.0,Mega Cashback Week,2024-11-14,2024-12-19,False,False,ymd,False,False,dmy,0
195,ZOM16JFT,50.0,Late Night Cravings,2023-08-26,2023-09-20,False,False,ymd,False,False,mdy,0
196,ZOMRHK2F,30.0,Weekend Bonanza,2023-08-07,2023-09-07,True,False,ambiguous_dmy_assumed,False,False,ymd,0
197,ZOMAR0US,50.0,Weekend Bonanza,2024-08-07,2024-08-11,True,False,ambiguous_dmy_assumed,False,False,ymd,0
198,ZOM9B8KJ,15.0,New User Special,2024-08-27,2024-09-07,False,False,ymd,False,False,ymd,0
199,ZOMYHH9J,30.0,Festive Feast,2022-10-09,2022-10-13,True,False,ambiguous_dmy_assumed,False,False,dmy,0
200,ZOMFCR7T,25.0,Monsoon Munchies,2024-10-05,2024-10-20,True,False,ambiguous_dmy_assumed,False,False,ymd,0
201,ZOMBC95S,15.0,Mega Cashback Week,2023-02-07,2023-11-01,True,False,ambiguous_dmy_assumed,True,False,ambiguous_dmy_assumed,1
202,ZOM8FR78,50.0,Payday Delight,2022-01-25,2022-02-03,False,False,ymd,False,False,ymd,0
203,ZOM74N3E,20.0,Great Indian Food Fest,2023-01-04,2023-10-03,True,False,ambiguous_dmy_assumed,True,False,ambiguous_dmy_assumed,1
204,ZOMMYSZB,50.0,Great Indian Food Fest,2022-09-08,2022-12-08,True,False,ambiguous_dmy_assumed,False,False,ymd,1
205,ZOM9ECMM,20.0,Monsoon Munchies,2024-08-20,2024-09-06,False,False,mdy,True,False,ambiguous_dmy_assumed,0
206,ZOMARSH8,25.0,Weekend Bonanza,2022-11-16,2022-12-06,False,False,ymd,True,False,ambiguous_dmy_assumed,0
207,ZOMKE16P,15.0,New User Special,2024-08-26,2024-09-25,False,False,ymd,False,False,ymd,0
208,ZOMLQPNW,50.0,Summer Splash,2023-10-17,2023-11-14,False,False,dmy,False,False,dmy,0
209,ZOMAC9G7,25.0,Summer Splash,2024-02-03,2024-05-01,True,False,ambiguous_dmy_assumed,True,False,ambiguous_dmy_assumed,1
210,ZOM1UAHF,30.0,New User Special,2022-09-14,2022-10-23,False,False,ymd,False,False,ymd,0
211,ZOMF4UYD,40.0,Monsoon Munchies,2024-10-22,2024-12-02,False,False,dmy,False,False,ymd,0
212,ZOM2UW7K,40.0,Republic Day Offer,2022-06-22,2022-06-27,False,False,mdy,False,False,dmy,0
213,ZOM8BZBC,15.0,Weekend Bonanza,2024-05-16,2024-09-06,False,False,dmy,True,False,ambiguous_dmy_assumed,0
214,ZOMYARSY,10.0,First Order Free Delivery,2024-11-25,2024-12-08,False,False,ymd,False,False,ymd,0
215,ZOM9HCPH,25.0,Weekend Bonanza,2022-08-30,2022-09-30,False,False,dmy,False,False,dmy,0
216,ZOMRZFTF,10.0,Late Night Cravings,2022-02-14,2022-03-24,False,False,dmy,False,False,ymd,0
217,ZOM2J7DX,20.0,First Order Free Delivery,2023-03-24,2023-10-04,False,False,ymd,True,False,ambiguous_dmy_assumed,0
218,ZOMU6LYF,30.0,Republic Day Offer,2024-01-28,2024-11-01,True,False,ambiguous_dmy_assumed,False,False,dmy,1
219,ZOMBUZCZ,30.0,Payday Delight,2023-05-29,2023-06-25,False,False,ymd,False,False,ymd,0
220,ZOMDK04Y,15.0,App Exclusive Deal,2022-02-26,2022-03-02,False,False,dmy,False,False,ymd,0
221,ZOMKAR3R,40.0,Late Night Cravings,2024-02-18,2024-02-21,False,False,dmy,False,False,ymd,0
222,ZOM4KFL0,20.0,Payday Delight,2023-08-09,2023-09-20,True,False,ambiguous_dmy_assumed,False,False,dmy,0
223,ZOMBA0VA,40.0,Weekend Bonanza,2024-03-28,2024-04-01,False,False,dmy,False,False,ymd,0
224,ZOM6BD11,10.0,Weekend Bonanza,2024-02-15,2024-12-02,True,False,ambiguous_dmy_assumed,False,False,dmy,1
225,ZOMYMR7U,40.0,Monsoon Munchies,2024-03-29,2024-04-27,False,False,dmy,False,False,ymd,0
226,ZOM5WAPY,20.0,Summer Splash,2022-07-27,2022-09-05,False,False,mdy,False,False,ymd,0
227,ZOMV49ZD,15.0,First Order Free Delivery,2022-07-30,2022-08-22,False,False,dmy,False,False,dmy,0
228,ZOMJ2S4J,50.0,App Exclusive Deal,2022-08-09,2022-09-12,True,False,ambiguous_dmy_assumed,False,False,ymd,0
229,ZOM655YP,50.0,Late Night Cravings,2024-08-11,2024-09-25,False,False,ymd,False,False,ymd,0
230,ZOMNKSNS,40.0,New User Special,2023-08-14,2023-09-15,False,False,dmy,False,False,dmy,0
231,ZOMVSK3K,25.0,Summer Splash,2022-03-22,2022-03-27,False,False,ymd,False,False,dmy,0
232,ZOM1KF8P,20.0,New User Special,2022-01-26,2022-03-01,True,False,ambiguous_dmy_assumed,False,False,ymd,1
233,ZOMN0EB8,20.0,Mega Cashback Week,2024-08-10,2024-08-30,False,False,ymd,False,False,dmy,0
234,ZOM3KYEC,40.0,Festive Feast,2023-12-03,2023-12-17,False,False,ymd,False,False,dmy,0
235,ZOMPD2W4,20.0,New User Special,2023-03-02,2023-03-10,True,False,ambiguous_dmy_assumed,True,False,ambiguous_dmy_assumed,0
236,ZOMPY36Z,40.0,Mega Cashback Week,2024-07-07,2024-07-15,True,False,ambiguous_dmy_assumed,False,False,mdy,0
237,ZOMBWRUG,20.0,Festive Feast,2023-06-10,2023-07-20,False,False,ymd,False,False,dmy,0
238,ZOM9LF9G,40.0,Summer Splash,2023-12-26,2024-01-07,False,False,mdy,True,False,ambiguous_dmy_assumed,0
239,ZOMKYFLC,20.0,Weekend Bonanza,2023-01-08,2023-08-25,True,False,ambiguous_dmy_assumed,False,False,ymd,0
240,ZOMKXZZW,50.0,Republic Day Offer,2022-08-17,2022-08-29,False,False,dmy,False,False,ymd,0
241,ZOME41YP,10.0,Great Indian Food Fest,2024-05-23,2024-06-06,False,False,dmy,True,False,ambiguous_dmy_assumed,0
242,ZOM56ERP,10.0,Late Night Cravings,2023-08-16,2023-09-26,False,False,mdy,False,False,dmy,0
243,ZOMG6AB1,30.0,Mega Cashback Week,2022-08-28,2022-09-19,False,False,ymd,False,False,ymd,0
244,ZOMX39VU,30.0,App Exclusive Deal,2024-07-19,2024-07-24,False,False,ymd,False,False,mdy,0
245,ZOM8ZSAR,50.0,Festive Feast,2023-03-05,2023-04-14,False,False,ymd,False,False,ymd,0
246,ZOMA7MGC,25.0,Great Indian Food Fest,2022-03-13,2022-04-06,False,False,dmy,False,False,ymd,0
247,ZOM3K002,25.0,App Exclusive Deal,2024-08-08,2024-08-16,True,False,ambiguous_dmy_assumed,False,False,ymd,0
248,ZOM211CP,40.0,App Exclusive Deal,2023-12-03,2023-12-23,True,False,ambiguous_dmy_assumed,False,False,mdy,0
249,ZOM61GB3,20.0,App Exclusive Deal,2024-08-25,2024-08-30,False,False,dmy,False,False,ymd,1
250,ZOMAQ7JK,15.0,Late Night Cravings,2022-03-17,2022-03-23,False,False,dmy,False,False,mdy,0
251,ZOM4CBYY,15.0,Payday Delight,2024-07-19,2024-08-24,False,False,ymd,False,False,dmy,0
252,ZOM64Z2V,10.0,Great Indian Food Fest,2023-01-06,2023-02-06,False,False,ymd,True,False,ambiguous_dmy_assumed,0
253,ZOMXMVGF,10.0,Mega Cashback Week,2024-10-08,2024-10-27,True,False,ambiguous_dmy_assumed,False,False,ymd,0
254,ZOMAMC41,10.0,First Order Free Delivery,2024-10-05,2024-11-11,False,False,ymd,False,False,ymd,0
255,ZOMGMU0W,40.0,Mega Cashback Week,2023-04-21,2023-05-07,False,False,mdy,False,False,ymd,0
256,ZOM7HZUQ,30.0,Weekend Bonanza,2022-03-24,2022-05-04,False,False,ymd,False,False,ymd,0
257,ZOMF6UA0,15.0,Summer Splash,2022-05-16,2022-05-25,False,False,dmy,False,False,ymd,0
258,ZOMUENYL,20.0,Festive Feast,2022-07-20,2022-08-31,False,False,ymd,False,False,ymd,0
259,ZOMSSX0W,10.0,Weekend Bonanza,2023-11-05,2023-11-25,True,False,ambiguous_dmy_assumed,False,False,dmy,0
260,ZOM56GL8,25.0,Weekend Bonanza,2022-12-18,2023-01-08,False,False,dmy,True,False,ambiguous_dmy_assumed,0
261,ZOMXHLJJ,20.0,Summer Splash,2022-11-21,2023-01-05,False,False,dmy,True,False,ambiguous_dmy_assumed,0
262,ZOML5M3K,40.0,Late Night Cravings,2022-10-26,2022-11-06,False,False,dmy,True,False,ambiguous_dmy_assumed,0
263,ZOMLV1NS,40.0,App Exclusive Deal,2022-06-17,2022-07-24,False,False,mdy,False,False,dmy,0
264,ZOMRZE2E,30.0,Festive Feast,2022-10-29,2022-12-01,False,False,dmy,False,False,ymd,0
265,ZOM9NW8U,30.0,First Order Free Delivery,2024-03-11,2024-10-11,False,False,ymd,True,False,ambiguous_dmy_assumed,1
266,ZOM1SRWB,40.0,Late Night Cravings,2023-05-21,2023-06-24,False,False,ymd,False,False,ymd,0
267,ZOM4Q00X,30.0,Payday Delight,2024-05-09,2024-07-08,True,False,ambiguous_dmy_assumed,True,False,ambiguous_dmy_assumed,1
268,ZOMXWWGT,50.0,Weekend Bonanza,2023-08-30,2023-09-19,False,False,ymd,False,False,mdy,0
269,ZOM8PC7U,10.0,Summer Splash,2022-12-29,2023-01-20,False,False,ymd,False,False,ymd,0
270,ZOM4QNB2,30.0,Summer Splash,2024-03-31,2024-04-29,False,False,ymd,False,False,ymd,0
271,ZOM37E21,30.0,Late Night Cravings,2024-08-13,2024-09-15,False,False,dmy,False,False,dmy,0
272,ZOMR7DLV,30.0,Monsoon Munchies,2023-05-02,2023-05-18,True,False,ambiguous_dmy_assumed,False,False,mdy,0
273,ZOMUY3Z1,40.0,Summer Splash,2022-06-20,2022-06-25,False,False,ymd,False,False,dmy,0
274,ZOMQH45P,50.0,App Exclusive Deal,2023-11-10,2023-12-17,False,False,ymd,False,False,mdy,0
275,ZOMH36FU,15.0,Festive Feast,2022-05-11,2022-05-26,True,False,ambiguous_dmy_assumed,False,False,mdy,0
276,ZOMWEJFP,40.0,Monsoon Munchies,2022-06-17,2022-06-29,False,False,ymd,False,False,mdy,0
277,ZOMV6ZWQ,20.0,Late Night Cravings,2022-06-06,2022-06-12,False,False,ymd,False,False,ymd,0
278,ZOMYYWW9,40.0,Festive Feast,2023-05-21,2023-06-01,False,False,ymd,True,False,ambiguous_dmy_assumed,0
279,ZOM50G76,10.0,Weekend Bonanza,2022-07-20,2022-08-25,False,False,dmy,False,False,mdy,0
280,ZOM7U63N,40.0,Republic Day Offer,2024-03-05,2024-04-17,False,False,ymd,False,False,dmy,0
281,ZOM7HWRZ,25.0,Payday Delight,2022-07-22,2022-08-22,False,False,dmy,False,False,dmy,0
282,ZOMEPUQ9,50.0,Late Night Cravings,2024-02-18,2024-03-07,False,False,dmy,True,False,ambiguous_dmy_assumed,0
283,ZOMZFH2D,20.0,Weekend Bonanza,2022-02-23,2022-03-25,False,False,dmy,False,False,dmy,0
284,ZOMRQU8U,30.0,Republic Day Offer,2022-07-20,2022-08-21,False,False,ymd,False,False,ymd,0
285,ZOMMJ2VH,30.0,Great Indian Food Fest,2023-09-21,2023-10-17,False,False,ymd,False,False,ymd,0
286,ZOMHQ852,20.0,Weekend Bonanza,2024-06-16,2024-07-15,False,False,mdy,False,False,ymd,0
287,ZOMYBZHT,15.0,New User Special,2022-09-02,2022-09-10,True,False,ambiguous_dmy_assumed,False,False,ymd,0
288,ZOM0QK2N,40.0,App Exclusive Deal,2022-08-12,2022-08-27,True,False,ambiguous_dmy_assumed,False,False,dmy,0
289,ZOMNURM3,25.0,Summer Splash,2024-01-08,2024-02-20,True,False,ambiguous_dmy_assumed,False,False,mdy,0
290,ZOMT7KHE,10.0,New User Special,2023-03-23,2023-04-25,False,False,ymd,False,False,mdy,0
291,ZOM8J566,10.0,Payday Delight,2022-07-14,2022-08-14,False,False,ymd,False,False,mdy,0
292,ZOMP8Q2W,15.0,New User Special,2023-06-22,2023-07-07,False,False,mdy,True,False,ambiguous_dmy_assumed,0
293,ZOMS2ME6,10.0,Mega Cashback Week,2023-03-12,2023-03-17,False,False,ymd,False,False,ymd,0
294,ZOMGYKCZ,10.0,Monsoon Munchies,2024-01-27,2024-02-07,False,False,dmy,True,False,ambiguous_dmy_assumed,0
295,ZOMZ961A,25.0,Payday Delight,2023-05-08,2023-09-13,True,False,ambiguous_dmy_assumed,False,False,mdy,0
296,ZOMMUY0F,20.0,First Order Free Delivery,2024-09-07,2024-10-20,False,False,ymd,False,False,ymd,0
297,ZOMZ1VLS,15.0,Mega Cashback Week,2022-01-12,2022-01-31,True,False,ambiguous_dmy_assumed,False,False,ymd,0
298,ZOMU4HH3,30.0,Republic Day Offer,2023-08-17,2023-09-18,False,False,ymd,False,False,ymd,0
299,ZOMQ5U50,30.0,App Exclusive Deal,2024-07-01,2024-08-01,False,False,ymd,False,False,ymd,0
300,ZOMKA2ZX,10.0,Mega Cashback Week,2023-02-05,2023-03-28,False,False,dmy,True,False,ambiguous_dmy_assumed,1
